<?xml version="1.0" encoding="UTF-8" ?>
<!DOCTYPE log4j:configuration SYSTEM "log4j.dtd">
 
<log4j:configuration xmlns:log4j='http://jakarta.apache.org/log4j/'>
 
    <appender name="CONSOLE" class="org.apache.log4j.ConsoleAppender">
        <param name="target" value="System.out" />
        <param name="threshold" value="debug" />
        <layout class="org.apache.log4j.PatternLayout">
            <param name="ConversionPattern" value="%d{ISO8601} %-5p [%c{1}] - %m%n" />
        </layout>
    </appender>

    <appender name="FILE" class="org.apache.log4j.DailyRollingFileAppender">
        <param name="file" value="log/test-rules.log" />
        <param name="append" value="false" />
        <param name="threshold" value="debug" />
        <param name="DatePattern" value="'.'yyyy-MM-dd"/>
        <layout class="org.apache.log4j.PatternLayout">
            <param name="ConversionPattern" value="%d{ISO8601} %-5p [%c{1}] - %m%n" />
        </layout>
    </appender>
 
    <!-- LOGGER ROOT -->
    <root>
        <priority value="debug" />
        <appender-ref ref="FILE" />
        <appender-ref ref="CONSOLE" />
    </root>
      
</log4j:configuration>